file,course,status,can_open,page_count,text_length,needs_ocr,metadata_status,hash,issues
D:\Lap trinh\Đồ án tốt nghiệp\Ứng dụng\smart-lms-rag\data\corpus\CNXHKH\ch01.pdf,CNXHKH,OK,True,24,65353,False,OK,6089d967204ea6619aaa3f61c73d7fcb9c5034b669bcb582e39c8ce32f5f0963,
D:\Lap trinh\Đồ án tốt nghiệp\Ứng dụng\smart-lms-rag\data\corpus\CNXHKH\ch02.pdf,CNXHKH,OK,True,21,61175,False,OK,1207e149caead55cd6223b6682e08befdba1629fbcb13dbda0c0272b49e9a4de,
D:\Lap trinh\Đồ án tốt nghiệp\Ứng dụng\smart-lms-rag\data\corpus\CNXHKH\ch03.pdf,CNXHKH,OK,True,20,60743,False,OK,195ee6a1c6132440cc73d6dbff835d422b2b5667ec80d7923422b71a2e4e74d8,
D:\Lap trinh\Đồ án tốt nghiệp\Ứng dụng\smart-lms-rag\data\corpus\CNXHKH\ch04.pdf,CNXHKH,OK,True,21,63353,False,OK,d3f1adf43029fb1a517b34fcd6a11b392307b598ca30f06ba1ff4e2c9986e859,
D:\Lap trinh\Đồ án tốt nghiệp\Ứng dụng\smart-lms-rag\data\corpus\CNXHKH\ch05.pdf,CNXHKH,OK,True,16,48472,False,OK,2b1b2c21118393861eb61a2001e1ca1de83c5d76c25997c89af20567e0ca190c,
D:\Lap trinh\Đồ án tốt nghiệp\Ứng dụng\smart-lms-rag\data\corpus\CNXHKH\ch06.pdf,CNXHKH,OK,True,23,66382,False,OK,1039f56a1fd60fe02473c1f18193b514554dad3e9465de42680251025c94c840,
D:\Lap trinh\Đồ án tốt nghiệp\Ứng dụng\smart-lms-rag\data\corpus\CNXHKH\ch07.pdf,CNXHKH,OK,True,17,50257,False,OK,ccb83ac8c14f03eb984b3e6786757afeedbdbd7d15726bf7f03f70892d1ab359,
D:\Lap trinh\Đồ án tốt nghiệp\Ứng dụng\smart-lms-rag\data\corpus\KTCTMLN\ch01.pdf,KTCTMLN,OK,True,29,38491,False,OK,a279ffb8a9c612f9e6cd2dfed148c87d3dd3d852cd4df8cc3779db7858cad8f3,
D:\Lap trinh\Đồ án tốt nghiệp\Ứng dụng\smart-lms-rag\data\corpus\KTCTMLN\ch02.pdf,KTCTMLN,OK,True,46,66611,False,OK,3c14ff5003bf421eb70b0ec1dce0e238dd351fb14403f019077936d06dea7adb,
D:\Lap trinh\Đồ án tốt nghiệp\Ứng dụng\smart-lms-rag\data\corpus\KTCTMLN\ch03.pdf,KTCTMLN,OK,True,37,51207,False,OK,8e086b53a508b91fe55b68a90faf476526c821dd9688e46d8099a83929882751,
D:\Lap trinh\Đồ án tốt nghiệp\Ứng dụng\smart-lms-rag\data\corpus\KTCTMLN\ch04.pdf,KTCTMLN,OK,True,40,61169,False,OK,65ba5d8c1013c5a9333763ed8c05aa4fff3e06a2814581ad3090af05e1f5ab98,
D:\Lap trinh\Đồ án tốt nghiệp\Ứng dụng\smart-lms-rag\data\corpus\KTCTMLN\ch05.pdf,KTCTMLN,OK,True,49,77812,False,OK,a6036c70bc8b48911645a927b5bfbf0e77aa8838e007ba966aff453bf91b9701,
D:\Lap trinh\Đồ án tốt nghiệp\Ứng dụng\smart-lms-rag\data\corpus\KTCTMLN\ch06.pdf,KTCTMLN,OK,True,63,92615,False,OK,9429d9483492e7e8c85bb12571d8e44cb128301ed16bd2f4310d2ff160afb85c,
D:\Lap trinh\Đồ án tốt nghiệp\Ứng dụng\smart-lms-rag\data\corpus\THMLN\ch01.pdf,THMLN,OK,True,12,26499,False,OK,4544a1ece75d7f14e77cf2514ae156e7b2aa48bcd94321eaf43740808389aeb2,
D:\Lap trinh\Đồ án tốt nghiệp\Ứng dụng\smart-lms-rag\data\corpus\THMLN\ch02.pdf,THMLN,OK,True,35,101773,False,OK,14b0bf9cfe4cbc0aeb921d6ff5c1f5759b9acbcbfa16639deb56fc6421816b54,
D:\Lap trinh\Đồ án tốt nghiệp\Ứng dụng\smart-lms-rag\data\corpus\THMLN\ch03.pdf,THMLN,OK,True,18,55142,False,OK,218e2741ccb12f3f14a0049f37be448c7a18501da83b66e498dbb23fa5f161e9,
D:\Lap trinh\Đồ án tốt nghiệp\Ứng dụng\smart-lms-rag\data\corpus\THMLN\ch04.pdf,THMLN,OK,True,11,31534,False,OK,19378cb8d84ef06d7498a443835ebcdf986164fa7380d3af1c9f5286d8db1835,
D:\Lap trinh\Đồ án tốt nghiệp\Ứng dụng\smart-lms-rag\data\corpus\THMLN\ch05.pdf,THMLN,OK,True,18,50229,False,OK,40fb87d746eaba982821bd6b10e0b7e984b231ee98dfe7958c64a0c54cb532a7,
D:\Lap trinh\Đồ án tốt nghiệp\Ứng dụng\smart-lms-rag\data\corpus\THMLN\ch06.pdf,THMLN,OK,True,6,15014,False,OK,09712a48a9da9fdb540d83659ba088c8ef29cd88a05b0c59cc534b1ccfedcf3d,
D:\Lap trinh\Đồ án tốt nghiệp\Ứng dụng\smart-lms-rag\data\corpus\THMLN\ch07.pdf,THMLN,OK,True,20,57248,False,OK,8b279e7f7b95b771075c150bc3873859ba3d15484fb6ccd0af4ddb605f911fa0,
D:\Lap trinh\Đồ án tốt nghiệp\Ứng dụng\smart-lms-rag\data\corpus\THMLN\ch08.pdf,THMLN,OK,True,15,42360,False,OK,dc22df4983758b8581b547104818377d20683453e11769bba712e8116d3bbf76,
D:\Lap trinh\Đồ án tốt nghiệp\Ứng dụng\smart-lms-rag\data\corpus\THMLN\ch09.pdf,THMLN,OK,True,12,33884,False,OK,38521217c7197bcda27f8fb87e4aa43349022d336c74c43b3a016c1fc7c4b051,
D:\Lap trinh\Đồ án tốt nghiệp\Ứng dụng\smart-lms-rag\data\corpus\THMLN\ch10.pdf,THMLN,OK,True,15,44202,False,OK,1cdf18cf6d497dfe1be5ce7be549d0fad4bf79da8525dd1879ecc99ea81c4b88,
D:\Lap trinh\Đồ án tốt nghiệp\Ứng dụng\smart-lms-rag\data\corpus\THMLN\ch11.pdf,THMLN,OK,True,11,31498,False,OK,4bc23af06180ebccbaf34140c472c6e272bad29dab1a7a1e78232cbb594d2aad,
D:\Lap trinh\Đồ án tốt nghiệp\Ứng dụng\smart-lms-rag\data\corpus\THMLN\ch12.pdf,THMLN,OK,True,13,35165,False,OK,f96d77b807c9400f07485b3c49d1411565713203c91df0ba9a01aa1807b7514a,
D:\Lap trinh\Đồ án tốt nghiệp\Ứng dụng\smart-lms-rag\data\corpus\THMLN\ch13.pdf,THMLN,OK,True,16,44102,False,OK,f217acb646391a88c00268dcc63c781ca3ff62a5325211744a0257a39f5c4d63,
D:\Lap trinh\Đồ án tốt nghiệp\Ứng dụng\smart-lms-rag\data\corpus\THMLN\ch14.pdf,THMLN,OK,True,13,36057,False,OK,d45bf26885f9887596e7fb54e5707cbb99268ebabda9ddf79a0ed1c4cef88ded,
