qa_id,course_id,question,question_type,ground_truth,source_doc,source_page,source_section,difficulty,notes
THMLN_QA_001,THMLN,"Theo quan điểm Mác-Lênin, thế giới nhận thức bắt nguồn từ đâu?",short_answer,"Từ thực tiễn (cảm giác, lao động, thực nghiệm)",ch01.pdf,1,Chương 1 - Khái lược về Triết học,easy,
THMLN_QA_002,THMLN,Nêu ngắn gọn khái niệm vật chất theo triết học Mác-Lênin.,short_answer,"Vật chất là thực tại khách quan, tồn tại độc lập với ý thức",ch01.pdf,2,Chương 1 - Khái lược về Triết học,easy,
THMLN_QA_003,THMLN,"Trong Mác-Lênin, vai trò của lao động trong nhận thức được mô tả như thế nào?",short_answer,Lao động là hoạt động thực tiễn chủ đạo giúp con người nhận thức và biến đổi thế giới,ch02.pdf,5,Chương 2 - Khái lược về lịch sử triết học trước Mác,medium,
THMLN_QA_004,THMLN,"Đúng hay sai: Theo Mác-Lênin, ý thức quyết định vật chất. ",true_false,False,ch02.pdf,6,Chương 2 - Khái lược về lịch sử triết học trước Mác,easy,
THMLN_QA_005,THMLN,Kể hai hình thức phản ánh của ý thức theo Mác-Lênin.,short_answer,"Tự ý thức và phản ánh khách quan (tư duy, ngôn ngữ)",ch03.pdf,8,Chương 3 - Sự ra đời và phát triển của triết học Mác - Lênin,medium,
THMLN_QA_006,THMLN,Những quy luật cơ bản của phép biện chứng duy vật gồm những gì?,short_answer,"Thống nhất các mặt đối lập, lượng chuyển thành chất, phủ định của phủ định",ch03.pdf,10,Chương 3 - Sự ra đời và phát triển của triết học Mác - Lênin,hard,
THMLN_QA_007,THMLN,"Multiple choice: Trong phép biện chứng, quy luật nào chỉ ra sự phát triển thông qua mâu thuẫn? A) Lượng–chất B) Mâu thuẫn C) Phủ định của phủ định",multiple_choice,B,ch04.pdf,12,Chương 4 - Một số trào lưu triết học phương Tây hiện đại,medium,"Choices: A,B,C"
THMLN_QA_008,THMLN,"Theo Mác-Lênin, lịch sử phát triển xã hội vận hành theo động lực nào chủ yếu?",short_answer,Lực lượng sản xuất và quan hệ sản xuất (mâu thuẫn giữa chúng),ch05.pdf,14,Chương 5 - Vật chất và ý thức,medium,
THMLN_QA_009,THMLN,Nêu định nghĩa ngắn gọn về giai cấp theo quan điểm Mác.,short_answer,Giai cấp là tập hợp những người có cùng vị trí về quan hệ sản xuất,ch06.pdf,17,Chương 6 - Hai nguyên lý của phép biện chứng duy vật,easy,
THMLN_QA_010,THMLN,Độ khó: Phân tích vai trò của nhà nước trong xã hội theo Mác-Lênin.,essay,"Nhà nước là công cụ thể hiện quyền lực của giai cấp thống trị, dùng để quản lý xã hội và bảo vệ lợi ích giai cấp đó.",ch07.pdf,19,Chương 7 - Những cặp phạm trù cơ bản của phép biện chứng duy vật,hard,Expect 4–6 câu
THMLN_QA_011,THMLN,"True/False: Mác cho rằng ý thức xã hội là yếu tố độc lập, tách rời cấu trúc kinh tế.",true_false,False,ch08.pdf,22,Chương 8 - Những quy luật cơ bản của phép biện chứng duy vật,easy,
THMLN_QA_012,THMLN,Cho ví dụ một mối quan hệ giữa cơ sở hạ tầng và thượng tầng từ tài liệu.,short_answer,Sự phát triển lực lượng sản xuất (cơ sở) dẫn tới thay đổi pháp luật và tư tưởng (thượng tầng),ch08.pdf,23,Chương 8 - Những quy luật cơ bản của phép biện chứng duy vật,medium,
THMLN_QA_013,THMLN,Multiple choice: 'Phép phân tích' trong nghiên cứu triết học nhằm mục đích gì? A) Tổng hợp B) Phân tách yếu tố C) Bỏ đi D) Kết luận,multiple_choice,B,ch09.pdf,25,Chương 9 - Lý luận nhận thức,medium,"Choices: A,B,C,D"
THMLN_QA_014,THMLN,Mô tả khái quát khái niệm 'tự nhiên' theo quan điểm biện chứng duy vật.,short_answer,"Tự nhiên là hệ thống vận động, phát triển, có tính khách quan, tồn tại độc lập với con người",ch10.pdf,28,Chương 10 - Hình thái kinh tế - xã hội,medium,
THMLN_QA_015,THMLN,Nêu một nhận định của Mác-Lênin về con người trong quan hệ xã hội.,short_answer,Con người vừa là chủ thể vừa là kết quả của quan hệ xã hội; bản chất xã hội của con người,ch11.pdf,31,Chương 11 - Giai cấp và dân tộc,medium,
THMLN_QA_016,THMLN,Multiple choice: Động lực trực tiếp làm phát sinh quyền lực chính trị là: A) Ý thức B) Kinh tế C) Văn hóa D) Tự nhiên,multiple_choice,B,ch12.pdf,33,Chương 12 - Nhà nước và cách mạng xã hội,medium,"Choices: A,B,C,D"
THMLN_QA_017,THMLN,Giải thích ngắn: Phủ định của phủ định có ý nghĩa gì trong phát triển?,short_answer,"Là quá trình trong đó cái cũ bị phủ định và sự phủ định đó lại bị phủ định, dẫn tới sự nâng cao ở tầm mới",ch13.pdf,35,Chương 13 - Ý thức xã hội,hard,
THMLN_QA_018,THMLN,"True/False: Mác-Lênin coi tri thức khoa học là tuyệt đối, không thay đổi.",true_false,False,ch13.pdf,36,Chương 13 - Ý thức xã hội,easy,
THMLN_QA_019,THMLN,Cho ví dụ 1 luận điểm về đạo đức xã hội trong triết học Mác-Lênin.,short_answer,Đạo đức phản ánh lợi ích của giai cấp thống trị nhưng cũng mang tính xã hội và lịch sử,ch14.pdf,38,Chương 14 - Quan điểm triết học Mác - Lênin về con người,medium,
THMLN_QA_020,THMLN,"Multiple choice: Theo Mác, nền tảng tư tưởng của một xã hội chủ yếu phản ánh: A) Tình cảm B) Điều kiện vật chất C) Thể chế D) Nghệ thuật",multiple_choice,B,ch14.pdf,39,Chương 14 - Quan điểm triết học Mác - Lênin về con người,medium,
THMLN_QA_021,THMLN,Trình bày ngắn: Mối quan hệ giữa tri thức và thực tiễn theo Mác-Lênin.,short_answer,Thực tiễn là nguồn gốc và tiêu chuẩn kiểm tra chân lý của tri thức,ch01.pdf,3,Chương 1 - Khái lược về Triết học,easy,
THMLN_QA_022,THMLN,Độ khó: Phân biệt nhận thức cảm tính và lý tính theo tài liệu.,short_answer,"Nhận thức cảm tính trực tiếp qua giác quan; lý tính là khái quát, suy luận từ cảm tính",ch02.pdf,7,Chương 2 - Khái lược về lịch sử triết học trước Mác,medium,
THMLN_QA_023,THMLN,Multiple choice: Quy luật lượng chuyển thành chất được thể hiện qua: A) Tích lũy biến đổi B) Sụp đổ tức thì C) Duy trì ổn định D) Bất biến,multiple_choice,A,ch03.pdf,11,Chương 3 - Sự ra đời và phát triển của triết học Mác - Lênin,easy,
THMLN_QA_024,THMLN,Nêu một ví dụ thực tiễn chứng minh mâu thuẫn xã hội là động lực phát triển.,short_answer,Cuộc cách mạng vô sản xuất phát từ mâu thuẫn giữa lực lượng sản xuất và quan hệ sản xuất,ch05.pdf,15,Chương 5 - Vật chất và ý thức,medium,
