subject,document_id,relative_path,sha256,page_count,size_bytes,source,license,check_status,rights_status,issues
CNXHKH,CNXHKH-ch01-8afa4315,data/corpus/CNXHKH/ch01.pdf,6089d967204ea6619aaa3f61c73d7fcb9c5034b669bcb582e39c8ce32f5f0963,24,580377,"Private shared drive (Bộ GD&ĐT materials, restricted)",All rights reserved by authors; owned by Bộ Giáo dục và Đào tạo; permission for internal research only,PASS,DECLARED_NOT_VERIFIED,
CNXHKH,CNXHKH-ch02-01e532ca,data/corpus/CNXHKH/ch02.pdf,1207e149caead55cd6223b6682e08befdba1629fbcb13dbda0c0272b49e9a4de,21,581566,"Private shared drive (Bộ GD&ĐT materials, restricted)",All rights reserved by authors; owned by Bộ Giáo dục và Đào tạo; permission for internal research only,PASS,DECLARED_NOT_VERIFIED,
CNXHKH,CNXHKH-ch03-02c3eab6,data/corpus/CNXHKH/ch03.pdf,195ee6a1c6132440cc73d6dbff835d422b2b5667ec80d7923422b71a2e4e74d8,20,451579,"Private shared drive (Bộ GD&ĐT materials, restricted)",All rights reserved by authors; owned by Bộ Giáo dục và Đào tạo; permission for internal research only,PASS,DECLARED_NOT_VERIFIED,
CNXHKH,CNXHKH-ch04-5588790a,data/corpus/CNXHKH/ch04.pdf,d3f1adf43029fb1a517b34fcd6a11b392307b598ca30f06ba1ff4e2c9986e859,21,494530,"Private shared drive (Bộ GD&ĐT materials, restricted)",All rights reserved by authors; owned by Bộ Giáo dục và Đào tạo; permission for internal research only,PASS,DECLARED_NOT_VERIFIED,
CNXHKH,CNXHKH-ch05-a161a100,data/corpus/CNXHKH/ch05.pdf,2b1b2c21118393861eb61a2001e1ca1de83c5d76c25997c89af20567e0ca190c,16,443814,"Private shared drive (Bộ GD&ĐT materials, restricted)",All rights reserved by authors; owned by Bộ Giáo dục và Đào tạo; permission for internal research only,PASS,DECLARED_NOT_VERIFIED,
CNXHKH,CNXHKH-ch06-d24fc21b,data/corpus/CNXHKH/ch06.pdf,1039f56a1fd60fe02473c1f18193b514554dad3e9465de42680251025c94c840,23,434572,"Private shared drive (Bộ GD&ĐT materials, restricted)",All rights reserved by authors; owned by Bộ Giáo dục và Đào tạo; permission for internal research only,PASS,DECLARED_NOT_VERIFIED,
CNXHKH,CNXHKH-ch07-71126ea6,data/corpus/CNXHKH/ch07.pdf,ccb83ac8c14f03eb984b3e6786757afeedbdbd7d15726bf7f03f70892d1ab359,17,388778,"Private shared drive (Bộ GD&ĐT materials, restricted)",All rights reserved by authors; owned by Bộ Giáo dục và Đào tạo; permission for internal research only,PASS,DECLARED_NOT_VERIFIED,
KTCTMLN,KTCTMLN-ch01-d0942189,data/corpus/KTCTMLN/ch01.pdf,a279ffb8a9c612f9e6cd2dfed148c87d3dd3d852cd4df8cc3779db7858cad8f3,29,237502,"Private shared drive (Bộ GD&ĐT materials, restricted)",All rights reserved by authors; owned by Bộ Giáo dục và Đào tạo; permission for internal research only,PASS,DECLARED_NOT_VERIFIED,
KTCTMLN,KTCTMLN-ch02-8f642013,data/corpus/KTCTMLN/ch02.pdf,3c14ff5003bf421eb70b0ec1dce0e238dd351fb14403f019077936d06dea7adb,46,287195,"Private shared drive (Bộ GD&ĐT materials, restricted)",All rights reserved by authors; owned by Bộ Giáo dục và Đào tạo; permission for internal research only,PASS,DECLARED_NOT_VERIFIED,
KTCTMLN,KTCTMLN-ch03-fdd81a1f,data/corpus/KTCTMLN/ch03.pdf,8e086b53a508b91fe55b68a90faf476526c821dd9688e46d8099a83929882751,37,259813,"Private shared drive (Bộ GD&ĐT materials, restricted)",All rights reserved by authors; owned by Bộ Giáo dục và Đào tạo; permission for internal research only,PASS,DECLARED_NOT_VERIFIED,
KTCTMLN,KTCTMLN-ch04-a53d1986,data/corpus/KTCTMLN/ch04.pdf,65ba5d8c1013c5a9333763ed8c05aa4fff3e06a2814581ad3090af05e1f5ab98,40,276644,"Private shared drive (Bộ GD&ĐT materials, restricted)",All rights reserved by authors; owned by Bộ Giáo dục và Đào tạo; permission for internal research only,PASS,DECLARED_NOT_VERIFIED,
KTCTMLN,KTCTMLN-ch05-c268fa5d,data/corpus/KTCTMLN/ch05.pdf,a6036c70bc8b48911645a927b5bfbf0e77aa8838e007ba966aff453bf91b9701,49,305194,"Private shared drive (Bộ GD&ĐT materials, restricted)",All rights reserved by authors; owned by Bộ Giáo dục và Đào tạo; permission for internal research only,PASS,DECLARED_NOT_VERIFIED,
KTCTMLN,KTCTMLN-ch06-e90f622e,data/corpus/KTCTMLN/ch06.pdf,9429d9483492e7e8c85bb12571d8e44cb128301ed16bd2f4310d2ff160afb85c,63,342779,"Private shared drive (Bộ GD&ĐT materials, restricted)",All rights reserved by authors; owned by Bộ Giáo dục và Đào tạo; permission for internal research only,PASS,DECLARED_NOT_VERIFIED,
THMLN,THMLN-ch01-0993edb6,data/corpus/THMLN/ch01.pdf,4544a1ece75d7f14e77cf2514ae156e7b2aa48bcd94321eaf43740808389aeb2,12,355953,"Private shared drive (Bộ GD&ĐT materials, restricted)",All rights reserved by authors; owned by Bộ Giáo dục và Đào tạo; permission for internal research only,PASS,DECLARED_NOT_VERIFIED,
THMLN,THMLN-ch02-8b5be5f1,data/corpus/THMLN/ch02.pdf,14b0bf9cfe4cbc0aeb921d6ff5c1f5759b9acbcbfa16639deb56fc6421816b54,35,715508,"Private shared drive (Bộ GD&ĐT materials, restricted)",All rights reserved by authors; owned by Bộ Giáo dục và Đào tạo; permission for internal research only,PASS,DECLARED_NOT_VERIFIED,
THMLN,THMLN-ch03-86f9b8f0,data/corpus/THMLN/ch03.pdf,218e2741ccb12f3f14a0049f37be448c7a18501da83b66e498dbb23fa5f161e9,18,448486,"Private shared drive (Bộ GD&ĐT materials, restricted)",All rights reserved by authors; owned by Bộ Giáo dục và Đào tạo; permission for internal research only,PASS,DECLARED_NOT_VERIFIED,
THMLN,THMLN-ch04-95fbd26a,data/corpus/THMLN/ch04.pdf,19378cb8d84ef06d7498a443835ebcdf986164fa7380d3af1c9f5286d8db1835,11,323063,"Private shared drive (Bộ GD&ĐT materials, restricted)",All rights reserved by authors; owned by Bộ Giáo dục và Đào tạo; permission for internal research only,PASS,DECLARED_NOT_VERIFIED,
THMLN,THMLN-ch05-9b5a8b94,data/corpus/THMLN/ch05.pdf,40fb87d746eaba982821bd6b10e0b7e984b231ee98dfe7958c64a0c54cb532a7,18,446070,"Private shared drive (Bộ GD&ĐT materials, restricted)",All rights reserved by authors; owned by Bộ Giáo dục và Đào tạo; permission for internal research only,PASS,DECLARED_NOT_VERIFIED,
THMLN,THMLN-ch06-8f79defc,data/corpus/THMLN/ch06.pdf,09712a48a9da9fdb540d83659ba088c8ef29cd88a05b0c59cc534b1ccfedcf3d,6,242350,"Private shared drive (Bộ GD&ĐT materials, restricted)",All rights reserved by authors; owned by Bộ Giáo dục và Đào tạo; permission for internal research only,PASS,DECLARED_NOT_VERIFIED,
THMLN,THMLN-ch07-46cb7e30,data/corpus/THMLN/ch07.pdf,8b279e7f7b95b771075c150bc3873859ba3d15484fb6ccd0af4ddb605f911fa0,20,446429,"Private shared drive (Bộ GD&ĐT materials, restricted)",All rights reserved by authors; owned by Bộ Giáo dục và Đào tạo; permission for internal research only,PASS,DECLARED_NOT_VERIFIED,
THMLN,THMLN-ch08-17dac3d6,data/corpus/THMLN/ch08.pdf,dc22df4983758b8581b547104818377d20683453e11769bba712e8116d3bbf76,15,412059,"Private shared drive (Bộ GD&ĐT materials, restricted)",All rights reserved by authors; owned by Bộ Giáo dục và Đào tạo; permission for internal research only,PASS,DECLARED_NOT_VERIFIED,
THMLN,THMLN-ch09-6634bf82,data/corpus/THMLN/ch09.pdf,38521217c7197bcda27f8fb87e4aa43349022d336c74c43b3a016c1fc7c4b051,12,345016,"Private shared drive (Bộ GD&ĐT materials, restricted)",All rights reserved by authors; owned by Bộ Giáo dục và Đào tạo; permission for internal research only,PASS,DECLARED_NOT_VERIFIED,
THMLN,THMLN-ch10-5ca54ee7,data/corpus/THMLN/ch10.pdf,1cdf18cf6d497dfe1be5ce7be549d0fad4bf79da8525dd1879ecc99ea81c4b88,15,402578,"Private shared drive (Bộ GD&ĐT materials, restricted)",All rights reserved by authors; owned by Bộ Giáo dục và Đào tạo; permission for internal research only,PASS,DECLARED_NOT_VERIFIED,
THMLN,THMLN-ch11-85a593a3,data/corpus/THMLN/ch11.pdf,4bc23af06180ebccbaf34140c472c6e272bad29dab1a7a1e78232cbb594d2aad,11,326937,"Private shared drive (Bộ GD&ĐT materials, restricted)",All rights reserved by authors; owned by Bộ Giáo dục và Đào tạo; permission for internal research only,PASS,DECLARED_NOT_VERIFIED,
THMLN,THMLN-ch12-ebd356e7,data/corpus/THMLN/ch12.pdf,f96d77b807c9400f07485b3c49d1411565713203c91df0ba9a01aa1807b7514a,13,373389,"Private shared drive (Bộ GD&ĐT materials, restricted)",All rights reserved by authors; owned by Bộ Giáo dục và Đào tạo; permission for internal research only,PASS,DECLARED_NOT_VERIFIED,
THMLN,THMLN-ch13-6fa26bf2,data/corpus/THMLN/ch13.pdf,f217acb646391a88c00268dcc63c781ca3ff62a5325211744a0257a39f5c4d63,16,394527,"Private shared drive (Bộ GD&ĐT materials, restricted)",All rights reserved by authors; owned by Bộ Giáo dục và Đào tạo; permission for internal research only,PASS,DECLARED_NOT_VERIFIED,
THMLN,THMLN-ch14-f7da8aea,data/corpus/THMLN/ch14.pdf,d45bf26885f9887596e7fb54e5707cbb99268ebabda9ddf79a0ed1c4cef88ded,13,356487,"Private shared drive (Bộ GD&ĐT materials, restricted)",All rights reserved by authors; owned by Bộ Giáo dục và Đào tạo; permission for internal research only,PASS,DECLARED_NOT_VERIFIED,
